,Unnamed: 0,team_id,player_Fname,player_Lname,salary,player_id,lahmanID,retroID,bbrefID
0,0,1,Wilson,Contreras,7,,[],[],[]
1,1,1,Luke,Voit,6,,['voitlu01'],['voitl001'],['voitlu01']
2,2,1,DJ,LeMahieu,10,,['lemahdj01'],['lemad001'],['lemahdj01']
3,3,1,Matt,Chapman,7,,['chapmma01'],['chapm001'],['chapmma01']
4,4,1,Jean,Segura,7,,['segurje01'],['seguj002'],['segurje01']
5,5,1,Mookie,Betts,45,,['bettsmo01'],['bettm001'],['bettsmo01']
6,6,1,Christian,Yelich,11,,['yelicch01'],['yelic001'],['yelicch01']
7,7,1,Austin,Hays,6,,['haysau01'],['haysa001'],['haysau01']
8,8,1,David,Peralta,6,,['peralda01'],['perad001'],['peralda01']
9,9,1,J.A.,Happ,9,,[],[],[]
10,10,1,Rick,Porcello,7,,['porceri01'],['porcr001'],['porceri01']
11,11,1,Sean,Newcomb,8,,['newcose01'],['newcs001'],['newcose01']
12,12,1,Zach,Eflin,6,,['eflinza01'],['efliz001'],['eflinza01']
13,13,1,Cody,Allen,2,,['allenco01'],['allec002'],['allenco01']
14,14,1,Kenley,Jansen,7,,['janseke01'],['jansk001'],['janseke01']
15,15,1,Astrubel,Cabrara,6,,[],[],[]
16,16,1,Scott,Kingery,6,,['kingesc01'],['kings001'],['kingesc01']
17,17,1,Trey,Mancini,1,,['mancitr01'],['manct001'],['mancitr01']
18,18,1,Marcus,Stroman,7,,['stromma01'],['strom001'],['stromma01']
19,19,1,Isiah,Kiner-Falefa,9,,['kineris01'],['kinei001'],['kineris01']
20,20,1,Dane,Dunning,1,,[],[],[]
21,21,1,Andrew,Miller,7,,['millean01'],['milla002'],['millean01']
22,22,1,Hunter,Dozier,1,,['doziehu01'],['dozih001'],['doziehu01']
23,23,1,Dellin,Betances,6,,['betande01'],['betad001'],['betande01']
24,24,1,Luis,Severino,7,,['severlu01'],['sevel001'],['severlu01']
25,25,2,Kurt,Suzuki,2,,['suzukku01'],['suzuk001'],['suzukku01']
26,26,2,Joey,Votto,2,,['vottojo01'],['vottj001'],['vottojo01']
27,27,2,Eduardo,Nunez,2,,['nunezed02'],['nunee002'],['nunezed02']
28,28,2,Eugenio,Suarez,2,,['suareeu01'],['suare001'],['suareeu01']
29,29,2,Elvis,Andrus,2,,['andruel01'],['andre001'],['andruel01']
30,30,2,Scott,Schebler,2,,['schebsc01'],['sches001'],['schebsc01']
31,31,2,Starling,Marte,2,,['martest01'],['marts002'],['martest01']
32,32,2,Michael,Brantley,2,,['brantmi02'],['branm003'],['brantmi02']
33,33,2,Hunter,Renfroe,2,,['renfrhu01'],['renfh001'],['renfrhu01']
34,34,2,Eduardo,Rodriguez,2,,['rodried05'],['rodre004'],['rodried05']
35,35,2,Joe,Musgrove,2,,['musgrjo01'],['musgj001'],['musgrjo01']
36,36,2,Jhoulys,Chacin,1,,['chacijh01'],['chacj001'],['chacijh01']
37,37,2,Charlie,Morton,2,,['mortoch02'],['mortc002'],['mortoch02']
38,38,2,Jake,Arrieta,22,,['arrieja01'],['arrij001'],['arrieja01']
39,39,2,Arody,Vizcaino,2,,[],[],[]
40,40,2,Jose,Leclerc,13,,['leclejo01'],['leclj001'],['leclejo01']
41,41,2,Albert,Almora Jr.,1,,[],[],[]
42,42,2,Luis,Castillo,2,,['castilu02'],['castl003'],['castilu02']
43,43,2,Mallex,Smith,1,,['smithma05'],['smitm007'],['smithma05']
44,44,2,Shane,Greene,1,,['greensh02'],['grees005'],['greensh02']
45,45,2,Jake,Odorizzi,1,,['odorija01'],['odorj001'],['odorija01']
46,46,2,Jonathan,Villar,2,,['villajo01'],['villj001'],['villajo01']
47,47,2,Buster,Posey,14,,['poseybu01'],['poseb001'],['poseybu01']
48,48,2,Jed,Lowrie,2,,['lowrije01'],['lowrj001'],['lowrije01']
49,49,2,Didi,Gregorius,2,,['gregodi01'],['gregd001'],['gregodi01']
50,50,2,Salvador,Perez,2,,['perezsa02'],['peres002'],['perezsa02']
51,51,2,Scooter,Gennett,2,,['gennesc01'],['genns001'],['gennesc01']
52,52,3,Yasmani,Grandal,6,,['grandya01'],['grany001'],['grandya01']
53,53,3,Paul,Goldschmidt,1,,['goldspa01'],['goldp001'],['goldspa01']
54,54,3,Enrique,Hernandez,1,,['hernaen02'],['herne001'],['hernaen02']
55,55,3,Manny,Machado,25,,['machama01'],['machm001'],['machama01']
56,56,3,Alex,Bregman,6,,['bregmal01'],['brega001'],['bregmal01']
57,57,3,Nicholas,Castellanos,6,,[],[],[]
58,58,3,George,Sprigner,43,,[],[],[]
59,59,3,Charlie,Blackmon,25,,['blackch02'],['blacc001'],['blackch02']
60,60,3,Trevor,Story,6,,['storytr01'],['stort001'],['storytr01']
61,61,3,Julio,Urias,6,,['uriasju01'],['uriaj001'],['uriasju01']
62,62,3,Trevor,Bauer,6,,['bauertr01'],['bauet001'],['bauertr01']
63,63,3,Carlos,Carrasco,6,,['carraca01'],['carrc003'],['carraca01']
64,64,3,Ross,Stripling,6,,['stripro01'],['strir001'],['stripro01']
65,65,3,Ryan,Pressley,1,,[],[],[]
66,66,3,Alex,Colome,1,,['colomal01'],['coloa001'],['colomal01']
67,67,3,Jose,Abreu,6,,['abreujo02'],['abrej003'],['abreujo02']
68,68,3,Brad,Keller,6,,['kellebr01'],['kellb003'],['kellebr01']
69,69,3,Alex,Verdugo,6,,['verdual01'],['verda001'],['verdual01']
70,70,3,Jose,Berrios,6,,['berrijo01'],['berrj001'],['berrijo01']
71,71,3,Franklin,Barreto,6,,['barrefr02'],['barrf001'],['barrefr02']
72,72,3,Nathaniel,Lowe,1,,[],[],[]
73,73,3,Jesse,Winker,11,,['winkeje01'],['winkj002'],['winkeje01']
74,74,3,Michael,Kopech,1,,['kopecmi01'],['kopem001'],['kopecmi01']
75,75,3,Lance,McCullers Jr.,6,,[],[],[]
76,76,3,Corey,Knebel,6,,['knebeco01'],['knebc001'],['knebeco01']
77,77,3,Mike,Foltynewicz,6,,['foltymi01'],['foltm001'],['foltymi01']
78,78,3,Blake,Snell,6,,['snellbl01'],['snelb001'],['snellbl01']
79,79,4,Yadier,Molina,3,,['molinya01'],['moliy001'],['molinya01']
80,80,4,Freddie,Freeman,4,,['freemfr01'],['freef001'],['freemfr01']
81,81,4,Ozzie,Albies,3,,['albieoz01'],['albio001'],['albieoz01']
82,82,4,Javier,Baez,4,,['baezja01'],['baezj001'],['baezja01']
83,83,4,J.D.,Martinez,4,,[],[],[]
84,84,4,Andrew,Benintendi,3,,['beninan01'],['benia002'],['beninan01']
85,85,4,Bryce,Harper,4,,['harpebr03'],['harpb003'],['harpebr03']
86,86,4,Stephen,Piscotty,3,,['piscost01'],['piscs001'],['piscost01']
87,87,4,Kyle,Hendricks,3,,['hendrky01'],['hendk001'],['hendrky01']
88,88,4,Kevin,Gausman,3,,['gausmke01'],['gausk001'],['gausmke01']
89,89,4,Jacob,deGrom,3,,['degroja01'],['degrj001'],['degroja01']
90,90,4,Aaron,Nola,4,,['nolaaa01'],['nolaa001'],['nolaaa01']
91,91,4,Nathan,Eovaldi,3,,['eovalna01'],['eovan001'],['eovalna01']
92,92,4,Ryan,Brasier,1,,['brasiry01'],['brasr001'],['brasiry01']
93,93,4,Ty,Buttrey,7,,['buttrty01'],['buttt001'],['buttrty01']
94,94,4,Christian,Walker,1,,['walkech02'],['walkc002'],['walkech02']
95,95,4,Austin,Barnes,1,,['barneau01'],['barna001'],['barneau01']
96,96,4,Freddy,Peralta,3,,['peralfr01'],['peraf001'],['peralfr01']
97,97,4,Fernando,Tatis Jr.,3,,[],[],[]
98,98,4,Pablo,Lopez,3,,['lopezpa01'],['lopep002'],['lopezpa01']
99,99,4,Franmil,Reyes,5,,['reyesfr01'],['reyef001'],['reyesfr01']
100,100,4,Jordan,Zimmerman,2,,['zimmejo01'],['zimmj002'],['zimmejo01']
101,101,4,Collin,McHugh,13,,['mchugco01'],['mchuc001'],['mchugco01']
102,102,4,Max,Fried,1,,['friedma01'],['friem001'],['friedma01']
103,103,4,Clayton,Kershaw,4,,['kershcl01'],['kersc001'],['kershcl01']
104,104,4,Alex,Wood,3,,['woodal02'],['wooda002'],['woodal02']
105,105,5,Gary,Sanchez,6,,['sanchga02'],['sancg002'],['sanchga02']
106,106,5,Rhys,Hoskins,6,,['hoskirh01'],['hoskr001'],['hoskirh01']
107,107,5,Mike,Moustakas,4,,['moustmi01'],['mousm001'],['moustmi01']
108,108,5,Yoan,Moncada,6,,['moncayo01'],['moncy001'],['moncayo01']
109,109,5,Amed,Rosario,6,,['rosaram01'],['rosaa003'],['rosaram01']
110,110,5,Eloy,Jimenez,6,,[],[],[]
111,111,5,Aaron,Judge,6,,['judgeaa01'],['judga001'],['judgeaa01']
112,112,5,Victor,Robles,6,,['roblevi01'],['roblv001'],['roblevi01']
113,113,5,Francisco,Mejia,6,,['mejiafr01'],['mejif001'],['mejiafr01']
114,114,5,Jesus,Luzardo,27,,[],[],[]
115,115,5,Joey,Lucchesi,6,,['lucchjo01'],['luccj001'],['lucchjo01']
116,116,5,A.J.,Puk,6,,[],[],[]
117,117,5,Mitch,Keller,6,,[],[],[]
118,118,5,Jordan,Hicks,6,,['hicksjo03'],['hickj002'],['hicksjo03']
119,119,5,Josh,Hadar,6,,[],[],[]
120,120,5,Sixto,Sanchez,6,,[],[],[]
121,121,5,Nick,Senzel,6,,[],[],[]
122,122,5,Eric,Lauer,1,,['lauerer01'],['lauee001'],['lauerer01']
123,123,5,Kyle,Tucker,6,,['tuckeky01'],['tuckk001'],['tuckeky01']
124,124,5,Nick,Margevicious,1,,[],[],[]
125,125,5,Corbin,Burnes,9,,['burneco01'],['burnc002'],['burneco01']
126,126,5,Triston,McKenzie,6,,[],[],[]
127,127,5,Lucas,Giolito,1,,['giolilu01'],['gioll001'],['giolilu01']
128,128,5,Yonder,Alonso,1,,['alonsyo01'],['alony001'],['alonsyo01']
129,129,5,Jonathan,Schoop,1,,['schoojo01'],['schoj001'],['schoojo01']
130,130,5,Sean,Manaea,1,,['manaese01'],['manas001'],['manaese01']
131,131,5,Michael,Fulmer,6,,['fulmemi01'],['fulmm001'],['fulmemi01']
132,132,5,Kyle,Seager,6,,['seageky01'],['seagk001'],['seageky01']
133,133,5,Shohei,Ohtani,6,,['ohtansh01'],['ohtas001'],['ohtansh01']
134,134,6,Austin,Hedges,1,,['hedgeau01'],['hedga001'],['hedgeau01']
135,135,6,Justin,Smoak,6,,['smoakju01'],['smoaj001'],['smoakju01']
136,136,6,Dee,Gordon,6,,['gordode01'],['gordd002'],['gordode01']
137,137,6,Evan,Longoria,1,,['longoev01'],['longe001'],['longoev01']
138,138,6,Chris,Taylor,3,,['tayloch03'],['taylc001'],['tayloch03']
139,139,6,Ryan,Braun,6,,['braunry02'],['braur002'],['braunry02']
140,140,6,Yasiel,Puig,7,,['puigya01'],['puigy001'],['puigya01']
141,141,6,Mitch,Haniger,6,,['hanigmi01'],['hanim001'],['hanigmi01']
142,142,6,Nelson,Cruz,6,,['cruzne02'],['cruzn002'],['cruzne02']
143,143,6,Zack,Greinke,28,,['greinza01'],['greiz001'],['greinza01']
144,144,6,David,Price,26,,['priceda01'],['pricd001'],['priceda01']
145,145,6,Jose,Quintana,6,,['quintjo01'],['quinj001'],['quintjo01']
146,146,6,Cole,Hamels,6,,['hamelco01'],['hamec001'],['hamelco01']
147,147,6,Aaron,Sanchez,1,,['sanchaa01'],['sanca006'],['sanchaa01']
148,148,6,Mychal,Givens,1,,['givenmy01'],['givem001'],['givenmy01']
149,149,6,Will,Smith,14,,['smithwi04'],['smitw002'],['smithwi04']
150,150,6,Joey,Wendle,1,,['wendljo01'],['wendj002'],['wendljo01']
151,151,6,Randal,Grichuk,1,,['grichra01'],['gricr001'],['grichra01']
152,152,6,C.J.,Cron,1,,[],[],[]
153,153,6,Shin-Soo,Choo,2,,['choosh01'],['choos001'],['choosh01']
154,154,6,Yuli,Gurriel,7,,['gourryu01'],['gurry001'],['gourryu01']
155,155,6,Marcus,Semien,9,,['semiema01'],['semim001'],['semiema01']
156,156,6,Matt,Strahm,11,,['strahma01'],['stram001'],['strahma01']
157,157,6,Josh,Hames,12,,[],[],[]
158,158,6,Ian,Desmond,3,,['desmoia01'],['desmi001'],['desmoia01']
159,159,7,Jonathan,Lucroy,1,,['lucrojo01'],['lucrj001'],['lucrojo01']
160,160,7,Anthony,Rizzo,18,,['rizzoan01'],['rizza001'],['rizzoan01']
161,161,7,Brandon,Lowe,6,,['lowebr01'],['loweb001'],['lowebr01']
162,162,7,Anthony,Renden,6,,[],[],[]
163,163,7,Xander,Bogaerts,6,,['bogaexa01'],['bogax001'],['bogaexa01']
164,164,7,Joc,Pederson,1,,['pederjo01'],['pedej001'],['pederjo01']
165,165,7,Jake,Bauers,6,,['bauerja01'],['bauej001'],['bauerja01']
166,166,7,Jason,Heyward,6,,['heywaja01'],['heywj001'],['heywaja01']
167,167,7,Garrett,Hampson,5,,['hampsga01'],['hampg001'],['hampsga01']
168,168,7,Stephen,Strasburg,6,,['strasst01'],['stras001'],['strasst01']
169,169,7,Justin,Verlander,6,,['verlaju01'],['verlj001'],['verlaju01']
170,170,7,Jon,Lester,6,,['lestejo01'],['lestj001'],['lestejo01']
171,171,7,Zack,Godley,6,,['godleza01'],['godlz001'],['godleza01']
172,172,7,Dereck,Rodriguez,6,,['rodride01'],['rodrd001'],['rodride01']
173,173,7,Brad,Hand,6,,['handbr01'],['handb001'],['handbr01']
174,174,7,Ken,Giles,6,,['gileske01'],['gilek001'],['gileske01']
175,175,7,Tim,Beckham,2,,['beckhti01'],['beckt001'],['beckhti01']
176,176,7,Ronald,Guzman,1,,['guzmaro01'],['guzmr001'],['guzmaro01']
177,177,7,Anibal,Sanchez,1,,['sanchan01'],['sanca004'],['sanchan01']
178,178,7,Trevor,Williams,3,,['willitr01'],['willt002'],['willitr01']
179,179,7,Jackie,Bradley Jr.,6,,[],[],[]
180,180,7,Jake,Lamb,1,,['lambja01'],['lambj001'],['lambja01']
181,181,7,David,Dahl,10,,['dahlda01'],['dahld001'],['dahlda01']
182,182,7,Daniel,Murphy,6,,['murphda08'],['murpd006'],['murphda08']
183,183,7,Justin,Upton,20,,['uptonju01'],['uptoj001'],['uptonju01']
184,184,7,Rich,Hill,15,,['hillri01'],['hillr001'],['hillri01']
185,185,8,J.T.,Realmuto,1,,[],[],[]
186,186,8,Carlos,Santana,12,,['santaca01'],['santc002'],['santaca01']
187,187,8,Jeff,McNeil,1,,['mcneije01'],['mcnej002'],['mcneije01']
188,188,8,Travis,Shaw,1,,['shawtr01'],['shawt001'],['shawtr01']
189,189,8,Whit,Merrifield,1,,['merriwh01'],['merrw001'],['merriwh01']
190,190,8,Ender,Inciarte,1,,['inciaen01'],['incie001'],['inciaen01']
191,191,8,Eddie,Rosario,1,,['rosared01'],['rosae001'],['rosared01']
192,192,8,Austin,Meadows,1,,['meadoau01'],['meada001'],['meadoau01']
193,193,8,Corey,Kluber,1,,['klubeco01'],['klubc001'],['klubeco01']
194,194,8,Tyler,Glasgow,1,,[],[],[]
195,195,8,Chris,Sale,1,,['salech01'],['salec001'],['salech01']
196,196,8,Jameson,Tallion,1,,[],[],[]
197,197,8,Carlos,Rodon,1,,['rodonca01'],['rodoc001'],['rodonca01']
198,198,8,Kirby,Yates,1,,['yateski01'],['yatek001'],['yateski01']
199,199,8,Felipe,Vazquez,1,,['riverfe01'],['rivef001'],['riverfe01']
200,200,8,Marco,Gonzales,1,,['gonzama02'],['gonzm005'],['gonzama02']
201,201,8,Shane,Bieber,1,,['biebesh01'],['biebs001'],['biebesh01']
202,202,8,Jose,Peraza,1,,['perazjo01'],['peraj003'],['perazjo01']
203,203,8,Lourdes,Gurriel Jr.,1,,[],[],[]
204,204,8,Yolmer,Sanchez,1,,[],[],[]
205,205,8,Eric,Hosmer,16,,['hosmeer01'],['hosme001'],['hosmeer01']
206,206,8,Christian,Pache,1,,[],[],[]
207,207,8,Anthony,DeSclafani,1,,['desclan01'],['desca001'],['desclan01']
208,208,8,Eric,Lauer,3,,['lauerer01'],['lauee001'],['lauerer01']
209,209,8,Max,Muncy,6,,['muncyma01'],['muncm001'],['muncyma01']
210,210,8,Francisco,Lindor,1,,['lindofr01'],['lindf001'],['lindofr01']
211,211,8,Andrew,Heaney,19,,['heanean01'],['heana001'],['heanean01']
212,212,9,Danny,Jansen,6,,['janseda01'],['jansd001'],['janseda01']
213,213,9,Peter,Alonso,6,,[],[],[]
214,214,9,Gleyber,Torres,6,,['torregl01'],['torrg001'],['torregl01']
215,215,9,Jose,Ramirez,44,,['ramirjo02'],['ramij004'],['ramirjo02']
216,216,9,Carlos,Correa,21,,['correca01'],['corrc001'],['correca01']
217,217,9,Mike,Trout,39,,['troutmi01'],['troum001'],['troutmi01']
218,218,9,Ronald,Acuna,6,,['acunaro01'],['acunr001'],['acunaro01']
219,219,9,Juan,Soto,6,,['sotoju01'],['sotoj001'],['sotoju01']
220,220,9,Rafael,Devers,6,,['deverra01'],['dever001'],['deverra01']
221,221,9,Gerrit,Cole,6,,['colege01'],['coleg001'],['colege01']
222,222,9,Patrick,Corbin,6,,['corbipa01'],['corbp001'],['corbipa01']
223,223,9,Walker,Buehler,6,,['buehlwa01'],['buehw001'],['buehlwa01']
224,224,9,Yonny,Chirinos,6,,['chiriyo01'],['chiry001'],['chiriyo01']
225,225,9,Trevor,Richards,2,,['richatr01'],['richt001'],['richatr01']
226,226,9,Lou,Trivino,1,,['trivilo01'],['trivl001'],['trivilo01']
227,227,9,John,Gant,1,,['gantjo01'],['gantj002'],['gantjo01']
228,228,9,Michael,Chavis,1,,[],[],[]
229,229,9,Casey,Mize,1,,[],[],[]
230,230,9,Alex,Kirillof,1,,[],[],[]
231,231,9,Luis,Garcia,1,,['garcilu03'],['garcl005'],['garcilu03']
232,232,9,Drew,Waters,1,,[],[],[]
233,233,9,Touki,Toussaint,1,,['toussto01'],['toust001'],['toussto01']
234,234,9,Griffin,Canning,1,,[],[],[]
235,235,9,Yandy,Diaz,1,,['diazya01'],['diazy001'],['diazya01']
236,236,10,Mike,Zunino,13,,['zuninmi01'],['zunim001'],['zuninmi01']
237,237,10,Ediwin,Encarnacion,16,,[],[],[]
238,238,10,Adam,Frazier,7,,['fraziad01'],['fraza001'],['fraziad01']
239,239,10,Kris,Bryant,1,,['bryankr01'],['bryak001'],['bryankr01']
240,240,10,Jorge,Polanco,5,,['polanjo01'],['polaj001'],['polanjo01']
241,241,10,Byron,Buxton,3,,['buxtoby01'],['buxtb001'],['buxtoby01']
242,242,10,Mark,Trumbo,1,,['trumbma01'],['trumm001'],['trumbma01']
243,243,10,Max,Kepler,1,,['keplema01'],['keplm001'],['keplema01']
244,244,10,Kyle,Schwarber,10,,['schwaky01'],['schwk001'],['schwaky01']
245,245,10,Madison,Bumgarner,1,,['bumgama01'],['bumgm001'],['bumgama01']
246,246,10,Zach,Wheeler,1,,['wheelza01'],['wheez001'],['wheelza01']
247,247,10,Chris,Archer,27,,['archech01'],['archc001'],['archech01']
248,248,10,Yusei,Kikuchi,14,,[],[],[]
249,249,10,Domingo,German,7,,['germado01'],['germd001'],['germado01']
250,250,10,Craig,Kimbrel,1,,['kimbrcr01'],['kimbc001'],['kimbrcr01']
251,251,10,Blake,Treinen,1,,['treinbl01'],['treib001'],['treinbl01']
252,252,10,Jason,Kipnis,2,,['kipnija01'],['kipnj001'],['kipnija01']
253,253,10,Dylan,Bundy,15,,['bundydy01'],['bundd001'],['bundydy01']
254,254,10,Reynaldo,Lopez,1,,['lopezre01'],['loper003'],['lopezre01']
255,255,10,Jakob,Junis,11,,['junisja01'],['junij001'],['junisja01']
256,256,10,Kyle,Gibson,1,,['gibsoky01'],['gibsk002'],['gibsoky01']
257,257,10,Mendrys,Morales,3,,[],[],[]
258,258,10,Kevin,Pillar,1,,['pillake01'],['pillk001'],['pillake01']
259,259,10,Josh,Bell,3,,['belljo02'],['bellj005'],['belljo02']
260,260,10,Michael,Wacha,1,,['wachami01'],['wachm001'],['wachami01']
261,261,11,Wilson,Ramos,10,,['ramoswi01'],['ramow001'],['ramoswi01']
262,262,11,Joey,Gallo,9,,['gallojo01'],['gallj002'],['gallojo01']
263,263,11,Rougned,Odor,6,,['odorro01'],['odorr001'],['odorro01']
264,264,11,Maikel,Franco,14,,['francma02'],['franm004'],['francma02']
265,265,11,Aldaberto,Mondesi,6,,[],[],[]
266,266,11,Michael,Conforto,14,,['confomi01'],['confm001'],['confomi01']
267,267,11,Gregory,Polanco,1,,['polangr01'],['polag001'],['polangr01']
268,268,11,Tommy,Pham,14,,['phamth01'],['phamt001'],['phamth01']
269,269,11,Kris,Davis,10,,[],[],[]
270,270,11,Yu,Darvish,10,,['darviyu01'],['darvy001'],['darviyu01']
271,271,11,Luke,Weaver,1,,['weavelu01'],['weavl001'],['weavelu01']
272,272,11,James,Paxton,9,,['paxtoja01'],['paxtj001'],['paxtoja01']
273,273,11,Mike,Soroka,10,,['sorokmi01'],['sorom001'],['sorokmi01']
274,274,11,Nick,Pivetta,6,,['pivetni01'],['piven001'],['pivetni01']
275,275,11,Raised,Iglesias,2,,[],[],[]
276,276,11,Sean,Doolittle,8,,['doolise01'],['dools001'],['doolise01']
277,277,11,Matt,Olson,10,,['olsonma02'],['olsom001'],['olsonma02']
278,278,11,Joe,Musgrove,1,,['musgrjo01'],['musgj001'],['musgrjo01']
279,279,11,Carter,Kieboom,1,,[],[],[]
280,280,11,Dinselson,Lamet,1,,[],[],[]
281,281,11,Brent,Honeywell,6,,[],[],[]
282,282,11,Domingo,Santana,3,,['santado01'],['santd002'],['santado01']
283,283,11,Tyler,Skaggs,6,,['skaggty01'],['skagt001'],['skaggty01']
284,284,11,Miguel,Sano,1,,['sanomi01'],['sanom001'],['sanomi01']
285,285,11,Wander,Franco,1,,[],[],[]
286,286,11,Matthew,Boyd,1,,[],[],[]
287,287,11,Trea,Turner,10,,['turnetr01'],['turnt001'],['turnetr01']
288,288,11,Jimmy,Nelson,6,,['nelsoji02'],['nelsj004'],['nelsoji02']
289,289,12,Franciso,Cervelli,1,,[],[],[]
290,290,12,Cody,Bellinger,6,,['bellico01'],['bellc002'],['bellico01']
291,291,12,Cesar,Hernandez,1,,['hernace02'],['hernc005'],['hernace02']
292,292,12,Jurickson,Profar,6,,['profaju01'],['profj001'],['profaju01']
293,293,12,Corey,Seager,36,,['seageco01'],['seagc001'],['seageco01']
294,294,12,Will,Myers,11,,[],[],[]
295,295,12,Marcell,Ozuna,6,,['ozunama01'],['ozunm001'],['ozunama01']
296,296,12,Nomar,Mazara,6,,['mazarno01'],['mazan001'],['mazarno01']
297,297,12,Adam,Jones,1,,['jonesad01'],['jonea003'],['jonesad01']
298,298,12,Max,Scherzer,61,,['scherma01'],['schem001'],['scherma01']
299,299,12,Noah,Syndergaard,38,,['syndeno01'],['syndn001'],['syndeno01']
300,300,12,Robbie,Ray,7,,['rayro02'],['ray-r002'],['rayro02']
301,301,12,Dylan,Cease,6,,[],[],[]
302,302,12,Jack,Flaherty,6,,['flaheja01'],['flahj002'],['flaheja01']
303,303,12,Matt,Barnes,1,,['barnema01'],['barnm001'],['barnema01']
304,304,12,Wade,Davis,6,,['daviswa01'],['daviw001'],['daviswa01']
305,305,12,Kyle,Wright,6,,['wrighky01'],['wrigk001'],['wrighky01']
306,306,12,Alex,Reyes,7,,['reyesal02'],['reyea004'],['reyesal02']
307,307,12,Valimir ,Guerrero Jr.,6,,[],[],[]
308,308,12,Brendan,Rodgers,6,,[],[],[]
309,309,12,Miles,Mikolas,6,,['mikolmi01'],['mikom001'],['mikolmi01']
310,310,12,Sandy,Alcantrara,6,,[],[],[]
311,311,12,Jo,Adell,6,,[],[],[]
312,312,12,Miguel,Andujar,6,,['andujmi01'],['andum001'],['andujmi01']
313,313,12,Giancarlo,Stanton,31,,['stantmi03'],['stanm004'],['stantmi03']
314,314,12,Carlos,Martinez,20,,['martica04'],['martc006'],['martica04']
315,315,13,Jorge,Alfaro,5,,['alfarjo01'],['alfaj002'],['alfarjo01']
316,316,13,Matt,Carpenter,6,,['carpema01'],['carpm002'],['carpema01']
317,317,13,Jose,Altuve,6,,['altuvjo01'],['altuj001'],['altuvjo01']
318,318,13,Nolan,Arenado,33,,['arenano01'],['arenn001'],['arenano01']
319,319,13,Marwin,Gonzalez,6,,['gonzama01'],['gonzm002'],['gonzama01']
320,320,13,Lorenzo,Cain,6,,['cainlo01'],['cainl001'],['cainlo01']
321,321,13,Paul,DeJong,5,,['dejonpa01'],['dejop001'],['dejonpa01']
322,322,13,Jose,Martinez,3,,['martijo08'],['martj008'],['martijo08']
323,323,13,Jesus,Aguilar,6,,['aguilje01'],['aguij001'],['aguilje01']
324,324,13,Dallas,Keuchel,6,,['keuchda01'],['keucd001'],['keuchda01']
325,325,13,Masahiro,Tanaka,6,,['tanakma01'],['tanam001'],['tanakma01']
326,326,13,Mike,Clevinger,6,,['clevimi01'],['clevm001'],['clevimi01']
327,327,13,German,Marquez,6,,['marquge01'],['marqg001'],['marquge01']
328,328,13,Steven,Matz,1,,['matzst01'],['matzs001'],['matzst01']
329,329,13,Edwin,Diaz,6,,['diazed04'],['diaze006'],['diazed04']
330,330,13,Roberto,Osuna,6,,['osunaro01'],['osunr001'],['osunaro01']
331,331,13,Andrelton,Simmons,6,,['simmoan01'],['simma001'],['simmoan01']
332,332,13,Robinson,Cano,12,,['canoro01'],['canor001'],['canoro01']
333,333,13,Jose,Urena,11,,['urenajo01'],['urenj001'],['urenajo01']
334,334,13,Jonathan,Villar,5,,['villajo01'],['villj001'],['villajo01']
335,335,13,Jon,Gray,13,,['grayjo02'],['grayj003'],['grayjo02']
336,336,13,Ben,Zobrist,3,,['zobribe01'],['zobrb001'],['zobribe01']
337,337,13,Tim,Anderson,2,,['anderti01'],['andet001'],['anderti01']
338,338,13,Aroldis,Chapman,24,,['chapmar01'],['chapa001'],['chapmar01']
339,339,13,Corey,Dickerson,5,,['dickeco01'],['dickc002'],['dickeco01']
340,340,13,Jeremy,Jeffress,6,,['jeffrje01'],['jeffj001'],['jeffrje01']
341,341,14,Yan,Gomez,4,,[],[],[]
342,342,14,Jose,Abreu,6,,['abreujo02'],['abrej003'],['abreujo02']
343,343,14,Niko,Goodrum,3,,['goodrni01'],['goodn002'],['goodrni01']
344,344,14,Justin,Turner,1,,['turneju01'],['turnj001'],['turneju01']
345,345,14,Eduardo,Escobar,1,,['escobed01'],['escoe001'],['escobed01']
346,346,14,Harrison,Bader,1,,['baderha01'],['badeh001'],['baderha01']
347,347,14,Andrew,McCutchen,1,,['mccutan01'],['mccua001'],['mccutan01']
348,348,14,Chad,Pinder,1,,['pindech01'],['pindc001'],['pindech01']
349,349,14,Wilmer,Flores,11,,['florewi01'],['florw001'],['florewi01']
350,350,14,Wade,LeBlanc,1,,['leblawa01'],['leblw001'],['leblawa01']
351,351,14,Brad,Peacock,11,,['peacobr01'],['peacb001'],['peacobr01']
352,352,14,Kenta,Maeda,12,,['maedake01'],['maedk001'],['maedake01']
353,353,14,Hyun-Jin,Ryu,15,,['ryuhy01'],['ryu-h001'],['ryuhy01']
354,354,14,Julio,Teheran,8,,['teherju01'],['tehej001'],['teherju01']
355,355,14,Jose,Alvarado,8,,['alvarjo03'],['alvaj004'],['alvarjo03']
356,356,14,Brandon,Woodruff,3,,['woodrbr01'],['woodb005'],['woodrbr01']
357,357,14,Wander,Franco,1,,[],[],[]
358,358,14,Brandon,Nimmo,15,,['nimmobr01'],['nimmb001'],['nimmobr01']
359,359,14,Billy,Hamilton,3,,['hamilbi02'],['hamib001'],['hamilbi02']
360,360,14,Jonathan,Loaisiga,10,,['loaisjo01'],['loaij001'],['loaisjo01']
361,361,14,Willians,Astudillo,6,,['astudwi01'],['astuw001'],['astudwi01']
362,362,14,Chris,Paddack,20,,[],[],[]
363,363,14,A.J.,Pollock,12,,[],[],[]
364,364,14,Miguel,Cabrera,8,,['cabremi01'],['cabrm001'],['cabremi01']
365,365,14,Ketel,Marte,9,,['marteke01'],['martk001'],['marteke01']
366,366,14,Josh,Donaldson,22,,['donaljo02'],['donaj001'],['donaljo02']
367,367,14,Ryon,Healy,1,,['healyry01'],['healr001'],['healyry01']
368,368,14,Aaron,Hicks,1,,['hicksaa01'],['hicka001'],['hicksaa01']
